peptide_id,PERFECT00,PERFECT01,PERFECT02,PERFECT03,PERFECT04,PERFECT05,PERFECT06,PERFECT07,PERFECT08,PERFECT09,PERFECT10,PERFECT11,PERFECT12,PERFECT13,PERFECT14,PERFECT15,PERFECT16,PERFECT17,PERFECT18,PERFECT19,PERFECT20,PERFECT21,PERFECT22,PERFECT23,PERFECT24,PERFECT25,PERFECT26,PERFECT27,PERFECT28,PERFECT29
agilent_signal,0,0,1,0,0,1,1,0,0,1,0,0,1,1,1,0,0,0,1,1,1,0,1,1,0,1,1,0,0,1
twist_signal,1,1,0,1,1,0,0,1,1,0,1,1,0,0,0,1,1,1,0,0,0,1,0,0,1,0,0,1,1,0
agilent_noise_00,1,1,0,1,0,1,1,0,1,0,0,0,0,0,1,1,0,0,0,1,1,0,1,1,0,0,1,1,1,1
twist_noise_01,1,1,1,0,0,1,0,1,1,1,1,0,1,1,0,1,0,0,0,0,0,1,1,1,0,1,1,0,0,0
corona2_noise_02,1,0,0,1,1,0,0,0,0,0,1,1,0,1,1,0,1,0,1,1,1,0,0,0,1,0,1,1,0,0
agilent_noise_03,1,1,1,0,0,0,0,1,0,1,0,1,1,1,1,0,0,0,0,0,1,1,0,0,0,0,1,0,0,0
twist_noise_04,1,0,1,1,0,1,0,0,1,1,1,0,0,1,1,0,0,0,1,1,0,0,1,0,1,1,1,1,0,0
corona2_noise_05,1,0,1,0,1,0,1,1,0,0,0,1,0,1,0,1,0,0,1,1,0,1,0,0,1,1,0,1,0,0
agilent_noise_06,1,1,1,0,0,1,0,0,1,1,0,0,0,0,1,1,1,1,1,1,0,1,1,0,1,1,1,0,0,0
twist_noise_07,1,0,0,1,1,1,1,0,1,0,0,1,0,1,1,0,0,1,0,1,1,0,1,1,1,0,1,0,0,0
corona2_noise_08,1,1,0,1,1,0,0,1,0,0,0,0,1,1,0,0,1,0,1,1,0,1,1,1,1,0,1,1,1,1
agilent_noise_09,0,1,1,0,0,1,0,1,1,1,0,0,1,1,1,0,0,1,1,0,0,1,0,0,0,0,1,0,0,1
twist_noise_10,0,1,1,1,0,0,0,1,0,1,1,1,0,1,1,1,1,0,1,0,0,0,0,1,0,1,0,1,1,0
corona2_noise_11,0,1,1,0,1,1,1,0,0,0,0,1,0,1,0,1,0,0,0,0,0,1,1,0,0,0,1,1,0,0
agilent_noise_12,0,0,0,1,1,0,1,1,0,0,0,1,1,1,0,0,0,1,1,1,0,1,0,0,0,1,0,0,1,1
twist_noise_13,0,1,1,1,0,0,0,1,0,1,0,0,1,1,1,0,1,1,0,1,1,0,0,1,1,1,0,1,0,1
corona2_noise_14,0,0,0,1,0,1,0,0,1,1,1,0,1,0,0,0,1,0,1,0,1,1,1,0,0,0,0,1,0,0
agilent_noise_15,0,0,0,1,0,0,1,1,1,1,0,0,1,1,0,1,0,0,1,1,0,1,1,1,1,1,0,0,0,1
twist_noise_16,1,0,0,1,1,1,0,1,1,0,0,0,1,0,1,0,0,0,1,1,1,1,0,1,1,1,0,0,1,0
corona2_noise_17,1,1,0,0,1,1,0,1,0,1,0,0,0,0,0,1,0,1,0,0,0,0,0,0,1,1,1,0,1,1
agilent_noise_18,0,1,0,0,0,0,1,1,0,0,0,0,1,0,1,1,1,0,0,0,0,1,1,0,1,1,1,0,1,0
twist_noise_19,0,0,1,0,1,0,0,0,0,0,1,0,0,0,1,1,0,0,1,1,0,1,0,0,1,1,1,0,0,1
corona2_noise_20,1,0,1,1,1,1,1,1,1,0,1,1,0,0,1,1,1,0,1,0,0,0,0,0,0,1,1,1,0,1
agilent_noise_21,1,1,0,1,1,1,1,1,1,0,1,0,1,1,1,0,1,0,1,0,0,0,0,0,0,0,1,0,0,0
twist_noise_22,1,1,1,0,0,1,0,0,1,0,0,0,0,1,0,0,0,1,0,0,1,0,0,1,0,0,1,1,1,0
corona2_noise_23,1,0,1,1,0,0,0,0,1,0,0,1,0,0,1,1,0,1,1,1,0,1,0,0,0,1,1,0,1,0
agilent_noise_24,0,1,1,0,1,0,1,0,0,1,0,1,0,0,0,0,1,1,1,1,1,0,1,0,1,0,1,0,1,1
twist_noise_25,1,1,0,0,0,1,1,0,1,1,0,1,1,1,0,0,1,0,1,0,1,0,1,0,0,0,0,1,0,0
corona2_noise_26,0,0,1,0,1,0,1,1,1,0,0,0,0,1,1,0,1,1,0,1,0,1,1,1,1,1,1,1,1,1
agilent_noise_27,1,0,0,0,1,0,0,1,0,1,1,1,1,0,1,0,1,0,1,1,0,1,1,1,0,0,0,1,1,1
twist_noise_28,0,1,1,0,1,0,0,0,0,0,1,0,0,1,1,0,1,0,0,1,0,1,1,0,0,0,0,0,1,1
corona2_noise_29,1,0,0,1,0,0,1,1,1,1,1,0,1,0,0,1,0,1,1,0,1,0,0,1,1,1,0,0,1,1
agilent_noise_30,1,0,0,0,0,1,0,1,1,1,0,1,0,1,0,0,1,0,0,0,1,1,1,1,0,1,1,1,0,0
twist_noise_31,1,1,1,1,0,1,1,0,0,0,0,1,1,0,0,0,1,0,1,1,0,1,1,0,1,0,0,1,1,0
corona2_noise_32,1,0,1,0,1,0,1,0,0,1,0,0,0,1,0,1,1,0,0,1,0,1,0,1,0,1,0,0,1,1
agilent_noise_33,0,0,0,1,1,1,1,0,1,0,1,0,0,0,1,0,1,1,0,0,1,0,1,1,1,1,1,1,0,1
twist_noise_34,1,0,0,0,1,0,1,1,1,1,0,0,1,1,1,0,0,0,0,1,0,0,0,0,0,1,0,1,1,0
corona2_noise_35,1,0,1,1,1,0,1,0,1,0,0,1,1,1,1,1,1,1,1,1,1,0,0,0,1,1,1,1,1,0
agilent_noise_36,0,1,0,1,0,0,1,1,1,1,1,1,1,0,1,0,1,0,1,0,0,1,1,0,1,1,0,0,0,0
twist_noise_37,0,1,0,0,1,1,0,0,0,1,1,0,0,1,0,1,1,0,0,0,0,0,0,0,0,0,0,1,1,0
corona2_noise_38,1,0,0,1,0,1,1,1,0,1,1,0,1,0,0,1,0,0,1,0,0,1,1,0,1,1,0,0,0,0
agilent_noise_39,1,0,1,0,1,0,1,0,1,1,0,1,0,0,1,0,1,0,0,0,0,1,0,1,1,0,0,1,0,0
twist_noise_40,1,1,1,1,1,0,0,1,1,1,0,0,1,0,1,0,0,0,0,0,0,1,0,0,1,0,0,1,0,1
corona2_noise_41,0,1,0,1,1,0,0,1,1,1,1,1,0,0,0,1,0,0,1,1,0,1,1,0,0,1,1,0,1,1
agilent_noise_42,0,1,1,0,0,1,0,0,0,0,0,0,0,0,1,0,0,1,1,1,0,1,0,1,1,1,0,0,1,1
twist_noise_43,0,1,1,0,1,1,0,0,0,1,0,1,1,0,0,0,1,1,0,0,0,1,0,1,1,0,1,1,0,1
corona2_noise_44,0,1,0,0,1,1,0,0,1,0,0,0,1,0,0,0,0,1,1,1,1,0,0,0,1,0,0,0,1,0
agilent_noise_45,1,0,0,1,1,1,0,0,0,0,1,1,0,1,0,0,0,0,1,0,0,0,1,0,1,1,1,0,1,1
twist_noise_46,1,1,1,1,1,1,0,0,1,1,1,0,0,1,1,1,1,1,0,1,1,0,1,0,1,1,0,1,1,1
corona2_noise_47,0,1,0,1,1,1,0,0,1,0,0,0,1,0,1,0,1,0,1,0,1,0,0,0,0,0,0,1,0,0
