Feature,Feature type,Statistic,Control,Case,Difference,Difference unit,Mean |SHAP|,Mean SHAP,Description,Species,Protein,Library,Feature_role,Repeated-run mean |SHAP|,Run SD |SHAP|,Non-zero SHAP runs (%),Selection frequency (%),Top-k frequency rank,Top-k SHAP appearances,Top-k SHAP opportunities,Top-k SHAP frequency (%),Mean rank when in top K,Ranking top K,Displayed,Feature ranking method
agilent_signal,peptide,Prevalence (%),20.0,80.0,60.0,percentage points,0.08886712727399532,-0.004599458478951278,Synthetic case-enriched signal peptide,Mock virus alpha,Mock capsid protein,Agilent,case signal,0.08886712727399532,0.014201081408388737,100.0,100.0,1,2,2,100.0,1.0,15,True,top-k-frequency
twist_signal,peptide,Prevalence (%),80.0,20.0,-60.0,percentage points,0.08156426525089035,-0.002906167707451293,Synthetic control-enriched signal peptide,Mock virus beta,Mock envelope protein,Twist,control signal,0.08156426525089035,0.00473375364150017,100.0,100.0,2,2,2,100.0,2.0,15,True,top-k-frequency
twist_noise_25,peptide,Prevalence (%),66.66666666666666,33.33333333333333,-33.33333333333333,percentage points,0.042921821946715705,-0.0007501866812740226,Synthetic background peptide 25,Mock bacterium beta,Mock protein 25,Twist,noise,0.042921821946715705,0.009716271881067613,100.0,100.0,3,2,2,100.0,3.0,15,True,top-k-frequency
agilent_noise_03,peptide,Prevalence (%),33.33333333333333,63.33333333333333,30.0,percentage points,0.03198305853268905,-0.0008706622780085339,Synthetic background peptide 03,Mock fungus delta,Mock protein 03,Agilent,noise,0.03198305853268905,0.005504624525556756,100.0,100.0,4,2,2,100.0,4.0,15,True,top-k-frequency
Age,continuous clinical,Mean,56.800999999999995,54.407999999999994,-2.3930000000000007,feature units,0.02647812496711894,-0.00028048183436691146,,,,,,0.02647812496711894,0.0038704561494682993,100.0,100.0,5,2,2,100.0,5.0,15,True,top-k-frequency
Sex,binary clinical,Prevalence (%),56.666666666666664,33.33333333333333,-23.333333333333336,percentage points,0.024189256727030657,-0.0013096502431387473,,,,,,0.024189256727030657,0.000681592899637573,100.0,100.0,6,2,2,100.0,6.0,15,True,top-k-frequency
corona2_noise_26,peptide,Prevalence (%),40.0,66.66666666666666,26.666666666666657,percentage points,0.01658932153540932,-0.0030157002720474697,Synthetic background peptide 26,Mock virus gamma,Mock protein 26,Corona2,noise,0.01658932153540932,0.0012491567542376528,100.0,66.66666666666667,7,2,2,100.0,9.0,15,True,top-k-frequency
BMI,continuous clinical,Mean,26.252333333333333,24.977666666666664,-1.2746666666666684,feature units,0.01633545723568837,0.0061815124252949044,,,,,,0.01633545723568837,0.0007711087993195592,100.0,100.0,8,2,2,100.0,9.0,15,True,top-k-frequency
agilent_noise_30,peptide,Prevalence (%),50.0,70.0,20.0,percentage points,0.016246207525428838,-0.0014390221616243698,Synthetic background peptide 30,Mock virus gamma,Mock protein 30,Agilent,noise,0.016246207525428838,0.0032108219621599585,100.0,66.66666666666667,9,2,2,100.0,9.0,15,True,top-k-frequency
twist_noise_19,peptide,Prevalence (%),63.33333333333333,40.0,-23.33333333333333,percentage points,0.01734416976710148,-0.003966388080846596,Synthetic background peptide 19,Mock fungus delta,Mock protein 19,Twist,noise,0.01734416976710148,0.007742087229492294,100.0,66.66666666666667,10,2,2,100.0,9.5,15,True,top-k-frequency
corona2_noise_41,peptide,Prevalence (%),63.33333333333333,46.666666666666664,-16.666666666666664,percentage points,0.01423296149818162,0.0017474735452423097,Synthetic background peptide 41,Mock bacterium beta,Mock protein 41,Corona2,noise,0.01423296149818162,0.001727015381767744,100.0,83.33333333333333,11,2,2,100.0,12.5,15,False,top-k-frequency
agilent_noise_42,peptide,Prevalence (%),53.333333333333336,43.333333333333336,-10.0,percentage points,0.010749468056263822,-0.0033575067058381316,Synthetic background peptide 42,Mock virus gamma,Mock protein 42,Agilent,noise,0.010749468056263822,0.007551044321677566,100.0,33.333333333333336,12,1,2,50.0,8.0,15,False,top-k-frequency
twist_noise_34,peptide,Prevalence (%),33.33333333333333,50.0,16.66666666666667,percentage points,0.013405701788994563,-0.0014308466868279527,Synthetic background peptide 34,Mock virus gamma,Mock protein 34,Twist,noise,0.013405701788994563,0.004843471514275856,100.0,66.66666666666667,13,1,2,50.0,10.0,15,False,top-k-frequency
corona2_noise_20,peptide,Prevalence (%),43.333333333333336,63.33333333333333,19.999999999999993,percentage points,0.008840594175305359,0.0019573725643307737,Synthetic background peptide 20,Mock virus alpha,Mock protein 20,Corona2,noise,0.008840594175305359,0.006744425047103474,100.0,50.0,14,1,2,50.0,12.0,15,False,top-k-frequency
corona2_noise_23,peptide,Prevalence (%),43.333333333333336,63.33333333333333,19.999999999999993,percentage points,0.010501215100405432,-1.002470239307218e-05,Synthetic background peptide 23,Mock fungus delta,Mock protein 23,Corona2,noise,0.010501215100405432,0.0038236573906309263,100.0,50.0,15,1,2,50.0,13.0,15,False,top-k-frequency
corona2_noise_11,peptide,Prevalence (%),50.0,60.0,10.0,percentage points,0.006315220174589886,-0.0009351160962093742,Synthetic background peptide 11,Mock fungus delta,Mock protein 11,Corona2,noise,0.006315220174589886,0.006327885469934961,100.0,50.0,16,1,2,50.0,13.0,15,False,top-k-frequency
corona2_noise_38,peptide,Prevalence (%),46.666666666666664,56.666666666666664,10.0,percentage points,0.009398807388913633,-0.00156677761208943,Synthetic background peptide 38,Mock virus gamma,Mock protein 38,Corona2,noise,0.009398807388913633,0.00184503891259674,100.0,50.0,17,1,2,50.0,14.0,15,False,top-k-frequency
twist_noise_10,peptide,Prevalence (%),63.33333333333333,56.666666666666664,-6.666666666666664,percentage points,0.008841508588136822,0.0008486107051210352,Synthetic background peptide 10,Mock virus gamma,Mock protein 10,Twist,noise,0.008841508588136822,0.0021184626300540885,100.0,66.66666666666667,18,1,2,50.0,15.0,15,False,top-k-frequency
corona2_noise_05,peptide,Prevalence (%),40.0,40.0,0.0,percentage points,0.004975158727572928,0.00038772140114487626,Synthetic background peptide 05,Mock bacterium beta,Mock protein 05,Corona2,noise,0.004975158727572928,0.007035936947492504,50.0,50.0,19,1,2,50.0,15.0,15,False,top-k-frequency
agilent_noise_33,peptide,Prevalence (%),60.0,46.666666666666664,-13.333333333333336,percentage points,0.009283718637084118,-0.0009896451251278351,Synthetic background peptide 33,Mock bacterium beta,Mock protein 33,Agilent,noise,0.009283718637084118,0.00040333148694691974,100.0,66.66666666666667,20,0,2,0.0,,15,False,top-k-frequency
twist_noise_22,peptide,Prevalence (%),43.333333333333336,56.666666666666664,13.333333333333329,percentage points,0.008638165968242932,0.00015560617266144905,Synthetic background peptide 22,Mock virus gamma,Mock protein 22,Twist,noise,0.008638165968242932,0.0005768416499470518,100.0,50.0,21,0,2,0.0,,15,False,top-k-frequency
twist_noise_07,peptide,Prevalence (%),46.666666666666664,36.666666666666664,-10.0,percentage points,0.00841873257648905,5.090940138143893e-05,Synthetic background peptide 07,Mock fungus delta,Mock protein 07,Twist,noise,0.00841873257648905,0.0018351330881564271,100.0,83.33333333333333,22,0,2,0.0,,15,False,top-k-frequency
twist_noise_40,peptide,Prevalence (%),46.666666666666664,56.666666666666664,10.0,percentage points,0.007793444703028216,0.001598276122297473,Synthetic background peptide 40,Mock virus alpha,Mock protein 40,Twist,noise,0.007793444703028216,0.0003442824794572668,100.0,50.0,23,0,2,0.0,,15,False,top-k-frequency
Smoking,binary clinical,Prevalence (%),63.33333333333333,53.333333333333336,-9.999999999999993,percentage points,0.007786371265098227,-0.0010496618509750384,,,,,,0.007786371265098227,0.001674637102656333,100.0,100.0,24,0,2,0.0,,15,False,top-k-frequency
corona2_noise_35,peptide,Prevalence (%),46.666666666666664,56.666666666666664,10.0,percentage points,0.006455910443591164,-0.000615757272935016,Synthetic background peptide 35,Mock fungus delta,Mock protein 35,Corona2,noise,0.006455910443591164,0.0004301956487002782,100.0,50.0,25,0,2,0.0,,15,False,top-k-frequency
corona2_noise_02,peptide,Prevalence (%),53.333333333333336,50.0,-3.3333333333333357,percentage points,0.006294250379499653,-0.0006441817579353501,Synthetic background peptide 02,Mock virus gamma,Mock protein 02,Corona2,noise,0.006294250379499653,0.0029026932559913596,100.0,50.0,26,0,2,0.0,,15,False,top-k-frequency
corona2_noise_08,peptide,Prevalence (%),36.666666666666664,43.333333333333336,6.666666666666671,percentage points,0.006274186441030975,-0.0004850838012689738,Synthetic background peptide 08,Mock virus alpha,Mock protein 08,Corona2,noise,0.006274186441030975,0.002494613234295406,100.0,50.0,27,0,2,0.0,,15,False,top-k-frequency
twist_noise_16,peptide,Prevalence (%),50.0,56.666666666666664,6.666666666666664,percentage points,0.006273359792847428,0.001619531114067926,Synthetic background peptide 16,Mock virus alpha,Mock protein 16,Twist,noise,0.006273359792847428,0.004773953287931148,100.0,50.0,28,0,2,0.0,,15,False,top-k-frequency
twist_noise_37,peptide,Prevalence (%),46.666666666666664,43.333333333333336,-3.3333333333333286,percentage points,0.005851605692485817,6.590019825830883e-05,Synthetic background peptide 37,Mock bacterium beta,Mock protein 37,Twist,noise,0.005851605692485817,0.00319191070676626,100.0,66.66666666666667,29,0,2,0.0,,15,False,top-k-frequency
corona2_noise_14,peptide,Prevalence (%),50.0,56.666666666666664,6.666666666666664,percentage points,0.005757246243755225,0.0012248614174274759,Synthetic background peptide 14,Mock virus gamma,Mock protein 14,Corona2,noise,0.005757246243755225,0.0009809796058243183,100.0,50.0,30,0,2,0.0,,15,False,top-k-frequency
corona2_noise_47,peptide,Prevalence (%),50.0,40.0,-10.0,percentage points,0.005583572040525887,0.00048024615848697255,Synthetic background peptide 47,Mock fungus delta,Mock protein 47,Corona2,noise,0.005583572040525887,0.005423488939627591,100.0,50.0,31,0,2,0.0,,15,False,top-k-frequency
agilent_noise_15,peptide,Prevalence (%),36.666666666666664,33.33333333333333,-3.3333333333333357,percentage points,0.005540937379223853,0.0010013266403187384,Synthetic background peptide 15,Mock fungus delta,Mock protein 15,Agilent,noise,0.005540937379223853,0.0038193031677898593,100.0,66.66666666666667,32,0,2,0.0,,15,False,top-k-frequency
agilent_noise_06,peptide,Prevalence (%),40.0,36.666666666666664,-3.3333333333333357,percentage points,0.005420772613348467,0.0009037949917150223,Synthetic background peptide 06,Mock virus gamma,Mock protein 06,Agilent,noise,0.005420772613348467,0.0031370855925376903,100.0,33.333333333333336,33,0,2,0.0,,15,False,top-k-frequency
agilent_noise_36,peptide,Prevalence (%),40.0,40.0,0.0,percentage points,0.0050669352240618,-0.001131920178015399,Synthetic background peptide 36,Mock virus alpha,Mock protein 36,Agilent,noise,0.0050669352240618,0.007165728513534155,50.0,33.333333333333336,34,0,2,0.0,,15,False,top-k-frequency
corona2_noise_32,peptide,Prevalence (%),53.333333333333336,50.0,-3.3333333333333357,percentage points,0.004714728072241125,-0.0012600388956427338,Synthetic background peptide 32,Mock virus alpha,Mock protein 32,Corona2,noise,0.004714728072241125,0.006667632382664557,50.0,33.333333333333336,35,0,2,0.0,,15,False,top-k-frequency
twist_noise_43,peptide,Prevalence (%),53.333333333333336,46.666666666666664,-6.666666666666671,percentage points,0.004464815024956912,0.0005313997111384678,Synthetic background peptide 43,Mock fungus delta,Mock protein 43,Twist,noise,0.004464815024956912,0.0013100605352862487,100.0,33.333333333333336,36,0,2,0.0,,15,False,top-k-frequency
twist_noise_13,peptide,Prevalence (%),56.666666666666664,66.66666666666666,9.999999999999993,percentage points,0.004397427658613385,0.0011044933173209295,Synthetic background peptide 13,Mock bacterium beta,Mock protein 13,Twist,noise,0.004397427658613385,0.002604869166938985,100.0,50.0,37,0,2,0.0,,15,False,top-k-frequency
twist_noise_04,peptide,Prevalence (%),50.0,43.333333333333336,-6.666666666666664,percentage points,0.004017912287989873,-0.00038802075787360094,Synthetic background peptide 04,Mock virus alpha,Mock protein 04,Twist,noise,0.004017912287989873,0.00568218605010079,50.0,16.666666666666668,38,0,2,0.0,,15,False,top-k-frequency
twist_noise_28,peptide,Prevalence (%),40.0,40.0,0.0,percentage points,0.0036454258226542315,-5.46607222709069e-05,Synthetic background peptide 28,Mock virus alpha,Mock protein 28,Twist,noise,0.0036454258226542315,0.0013034164474572992,100.0,33.333333333333336,39,0,2,0.0,,15,False,top-k-frequency
agilent_noise_24,peptide,Prevalence (%),46.666666666666664,60.0,13.333333333333336,percentage points,0.003191209534635958,-0.0014116402627822318,Synthetic background peptide 24,Mock virus alpha,Mock protein 24,Agilent,noise,0.003191209534635958,0.004513051804256505,50.0,33.333333333333336,40,0,2,0.0,,15,False,top-k-frequency
agilent_noise_39,peptide,Prevalence (%),53.333333333333336,46.666666666666664,-6.666666666666671,percentage points,0.0030986025997953356,-0.0003465165977038312,Synthetic background peptide 39,Mock fungus delta,Mock protein 39,Agilent,noise,0.0030986025997953356,0.004382085821035096,50.0,33.333333333333336,41,0,2,0.0,,15,False,top-k-frequency
corona2_noise_29,peptide,Prevalence (%),53.333333333333336,56.666666666666664,3.3333333333333286,percentage points,0.0029530234558298434,-0.00011132256745249007,Synthetic background peptide 29,Mock bacterium beta,Mock protein 29,Corona2,noise,0.0029530234558298434,0.000420907904196717,100.0,33.333333333333336,42,0,2,0.0,,15,False,top-k-frequency
twist_noise_46,peptide,Prevalence (%),50.0,46.666666666666664,-3.3333333333333357,percentage points,0.0025878638583071226,-3.532315449931614e-05,Synthetic background peptide 46,Mock virus gamma,Mock protein 46,Twist,noise,0.0025878638583071226,0.0011236329832470878,100.0,33.333333333333336,43,0,2,0.0,,15,False,top-k-frequency
agilent_noise_00,peptide,Prevalence (%),50.0,56.666666666666664,6.666666666666664,percentage points,0.002253290374501555,0.00040767166856577194,Synthetic background peptide 00,Mock virus alpha,Mock protein 00,Agilent,noise,0.002253290374501555,0.00036645160026380633,100.0,33.333333333333336,44,0,2,0.0,,15,False,top-k-frequency
twist_noise_31,peptide,Prevalence (%),40.0,43.333333333333336,3.3333333333333357,percentage points,0.0022157837459745528,0.00012007399122379465,Synthetic background peptide 31,Mock fungus delta,Mock protein 31,Twist,noise,0.0022157837459745528,0.002087136276900132,100.0,33.333333333333336,45,0,2,0.0,,15,False,top-k-frequency
agilent_noise_09,peptide,Prevalence (%),53.333333333333336,43.333333333333336,-10.0,percentage points,0.002056126736497551,-0.0002015044042763892,Synthetic background peptide 09,Mock bacterium beta,Mock protein 09,Agilent,noise,0.002056126736497551,0.0003281066708978472,100.0,33.333333333333336,46,0,2,0.0,,15,False,top-k-frequency
agilent_noise_27,peptide,Prevalence (%),56.666666666666664,56.666666666666664,0.0,percentage points,0.0013578112368702454,0.0002363033556353114,Synthetic background peptide 27,Mock fungus delta,Mock protein 27,Agilent,noise,0.0013578112368702454,0.0019202350663244882,50.0,16.666666666666668,47,0,2,0.0,,15,False,top-k-frequency
agilent_noise_12,peptide,Prevalence (%),33.33333333333333,43.333333333333336,10.000000000000007,percentage points,0.0010129734309175012,0.00037087631907418067,Synthetic background peptide 12,Mock virus alpha,Mock protein 12,Agilent,noise,0.0010129734309175012,0.0001784389265892335,100.0,33.333333333333336,48,0,2,0.0,,15,False,top-k-frequency
agilent_noise_45,peptide,Prevalence (%),33.33333333333333,46.666666666666664,13.333333333333336,percentage points,0.0009548767844600262,3.0553355436968205e-05,Synthetic background peptide 45,Mock bacterium beta,Mock protein 45,Agilent,noise,0.0009548767844600262,0.000623461014507114,100.0,33.333333333333336,49,0,2,0.0,,15,False,top-k-frequency
agilent_noise_21,peptide,Prevalence (%),50.0,53.333333333333336,3.3333333333333357,percentage points,0.0007870453694082804,-0.0005943703825801752,Synthetic background peptide 21,Mock bacterium beta,Mock protein 21,Agilent,noise,0.0007870453694082804,0.0011130502356201328,50.0,16.666666666666668,50,0,2,0.0,,15,False,top-k-frequency
corona2_noise_44,peptide,Prevalence (%),43.333333333333336,46.666666666666664,3.3333333333333286,percentage points,0.0006394053698280136,7.541122221559414e-06,Synthetic background peptide 44,Mock virus alpha,Mock protein 44,Corona2,noise,0.0006394053698280136,0.0009042557458649614,50.0,16.666666666666668,51,0,2,0.0,,15,False,top-k-frequency
corona2_noise_17,peptide,Prevalence (%),43.333333333333336,43.333333333333336,0.0,percentage points,0.0006354499901478059,-0.00044203513055593327,Synthetic background peptide 17,Mock bacterium beta,Mock protein 17,Corona2,noise,0.0006354499901478059,0.0008986619942768768,50.0,16.666666666666668,52,0,2,0.0,,15,False,top-k-frequency
agilent_noise_18,peptide,Prevalence (%),56.666666666666664,56.666666666666664,0.0,percentage points,0.00039596855542196316,-0.00020738329540329528,Synthetic background peptide 18,Mock virus gamma,Mock protein 18,Agilent,noise,0.00039596855542196316,0.0005599841013510229,50.0,16.666666666666668,53,0,2,0.0,,15,False,top-k-frequency
twist_noise_01,peptide,Prevalence (%),43.333333333333336,43.333333333333336,0.0,percentage points,0.0,0.0,Synthetic background peptide 01,Mock bacterium beta,Mock protein 01,Twist,noise,0.0,0.0,0.0,0.0,54,0,2,0.0,,15,False,top-k-frequency
